"Column Name","Label"
"GEO_ID","Geography"
"NAME","Geographic Area Name"
"S0601_C01_001E","Total!!Estimate!!Total population"
"S0601_C01_001M","Total!!Margin of Error!!Total population"
"S0601_C02_001E","Native; born in state of residence!!Estimate!!Total population"
"S0601_C02_001M","Native; born in state of residence!!Margin of Error!!Total population"
"S0601_C03_001E","Native; born in other state in the U.S.!!Estimate!!Total population"
"S0601_C03_001M","Native; born in other state in the U.S.!!Margin of Error!!Total population"
"S0601_C04_001E","Native; born outside U.S.!!Estimate!!Total population"
"S0601_C04_001M","Native; born outside U.S.!!Margin of Error!!Total population"
"S0601_C01_002E","Total!!Estimate!!AGE!!Under 5 years"
"S0601_C01_002M","Total!!Margin of Error!!AGE!!Under 5 years"
"S0601_C02_002E","Native; born in state of residence!!Estimate!!AGE!!Under 5 years"
"S0601_C02_002M","Native; born in state of residence!!Margin of Error!!AGE!!Under 5 years"
"S0601_C03_002E","Native; born in other state in the U.S.!!Estimate!!AGE!!Under 5 years"
"S0601_C03_002M","Native; born in other state in the U.S.!!Margin of Error!!AGE!!Under 5 years"
"S0601_C04_002E","Native; born outside U.S.!!Estimate!!AGE!!Under 5 years"
"S0601_C04_002M","Native; born outside U.S.!!Margin of Error!!AGE!!Under 5 years"
"S0601_C01_003E","Total!!Estimate!!AGE!!5 to 17 years"
"S0601_C01_003M","Total!!Margin of Error!!AGE!!5 to 17 years"
"S0601_C02_003E","Native; born in state of residence!!Estimate!!AGE!!5 to 17 years"
"S0601_C02_003M","Native; born in state of residence!!Margin of Error!!AGE!!5 to 17 years"
"S0601_C03_003E","Native; born in other state in the U.S.!!Estimate!!AGE!!5 to 17 years"
"S0601_C03_003M","Native; born in other state in the U.S.!!Margin of Error!!AGE!!5 to 17 years"
"S0601_C04_003E","Native; born outside U.S.!!Estimate!!AGE!!5 to 17 years"
"S0601_C04_003M","Native; born outside U.S.!!Margin of Error!!AGE!!5 to 17 years"
"S0601_C01_004E","Total!!Estimate!!AGE!!18 to 24 years"
"S0601_C01_004M","Total!!Margin of Error!!AGE!!18 to 24 years"
"S0601_C02_004E","Native; born in state of residence!!Estimate!!AGE!!18 to 24 years"
"S0601_C02_004M","Native; born in state of residence!!Margin of Error!!AGE!!18 to 24 years"
"S0601_C03_004E","Native; born in other state in the U.S.!!Estimate!!AGE!!18 to 24 years"
"S0601_C03_004M","Native; born in other state in the U.S.!!Margin of Error!!AGE!!18 to 24 years"
"S0601_C04_004E","Native; born outside U.S.!!Estimate!!AGE!!18 to 24 years"
"S0601_C04_004M","Native; born outside U.S.!!Margin of Error!!AGE!!18 to 24 years"
"S0601_C01_005E","Total!!Estimate!!AGE!!25 to 44 years"
"S0601_C01_005M","Total!!Margin of Error!!AGE!!25 to 44 years"
"S0601_C02_005E","Native; born in state of residence!!Estimate!!AGE!!25 to 44 years"
"S0601_C02_005M","Native; born in state of residence!!Margin of Error!!AGE!!25 to 44 years"
"S0601_C03_005E","Native; born in other state in the U.S.!!Estimate!!AGE!!25 to 44 years"
"S0601_C03_005M","Native; born in other state in the U.S.!!Margin of Error!!AGE!!25 to 44 years"
"S0601_C04_005E","Native; born outside U.S.!!Estimate!!AGE!!25 to 44 years"
"S0601_C04_005M","Native; born outside U.S.!!Margin of Error!!AGE!!25 to 44 years"
"S0601_C01_006E","Total!!Estimate!!AGE!!45 to 54 years"
"S0601_C01_006M","Total!!Margin of Error!!AGE!!45 to 54 years"
"S0601_C02_006E","Native; born in state of residence!!Estimate!!AGE!!45 to 54 years"
"S0601_C02_006M","Native; born in state of residence!!Margin of Error!!AGE!!45 to 54 years"
"S0601_C03_006E","Native; born in other state in the U.S.!!Estimate!!AGE!!45 to 54 years"
"S0601_C03_006M","Native; born in other state in the U.S.!!Margin of Error!!AGE!!45 to 54 years"
"S0601_C04_006E","Native; born outside U.S.!!Estimate!!AGE!!45 to 54 years"
"S0601_C04_006M","Native; born outside U.S.!!Margin of Error!!AGE!!45 to 54 years"
"S0601_C01_007E","Total!!Estimate!!AGE!!55 to 64 years"
"S0601_C01_007M","Total!!Margin of Error!!AGE!!55 to 64 years"
"S0601_C02_007E","Native; born in state of residence!!Estimate!!AGE!!55 to 64 years"
"S0601_C02_007M","Native; born in state of residence!!Margin of Error!!AGE!!55 to 64 years"
"S0601_C03_007E","Native; born in other state in the U.S.!!Estimate!!AGE!!55 to 64 years"
"S0601_C03_007M","Native; born in other state in the U.S.!!Margin of Error!!AGE!!55 to 64 years"
"S0601_C04_007E","Native; born outside U.S.!!Estimate!!AGE!!55 to 64 years"
"S0601_C04_007M","Native; born outside U.S.!!Margin of Error!!AGE!!55 to 64 years"
"S0601_C01_008E","Total!!Estimate!!AGE!!65 to 74 years"
"S0601_C01_008M","Total!!Margin of Error!!AGE!!65 to 74 years"
"S0601_C02_008E","Native; born in state of residence!!Estimate!!AGE!!65 to 74 years"
"S0601_C02_008M","Native; born in state of residence!!Margin of Error!!AGE!!65 to 74 years"
"S0601_C03_008E","Native; born in other state in the U.S.!!Estimate!!AGE!!65 to 74 years"
"S0601_C03_008M","Native; born in other state in the U.S.!!Margin of Error!!AGE!!65 to 74 years"
"S0601_C04_008E","Native; born outside U.S.!!Estimate!!AGE!!65 to 74 years"
"S0601_C04_008M","Native; born outside U.S.!!Margin of Error!!AGE!!65 to 74 years"
"S0601_C01_009E","Total!!Estimate!!AGE!!75 years and over"
"S0601_C01_009M","Total!!Margin of Error!!AGE!!75 years and over"
"S0601_C02_009E","Native; born in state of residence!!Estimate!!AGE!!75 years and over"
"S0601_C02_009M","Native; born in state of residence!!Margin of Error!!AGE!!75 years and over"
"S0601_C03_009E","Native; born in other state in the U.S.!!Estimate!!AGE!!75 years and over"
"S0601_C03_009M","Native; born in other state in the U.S.!!Margin of Error!!AGE!!75 years and over"
"S0601_C04_009E","Native; born outside U.S.!!Estimate!!AGE!!75 years and over"
"S0601_C04_009M","Native; born outside U.S.!!Margin of Error!!AGE!!75 years and over"
"S0601_C01_010E","Total!!Estimate!!Median age (years)"
"S0601_C01_010M","Total!!Margin of Error!!Median age (years)"
"S0601_C02_010E","Native; born in state of residence!!Estimate!!Median age (years)"
"S0601_C02_010M","Native; born in state of residence!!Margin of Error!!Median age (years)"
"S0601_C03_010E","Native; born in other state in the U.S.!!Estimate!!Median age (years)"
"S0601_C03_010M","Native; born in other state in the U.S.!!Margin of Error!!Median age (years)"
"S0601_C04_010E","Native; born outside U.S.!!Estimate!!Median age (years)"
"S0601_C04_010M","Native; born outside U.S.!!Margin of Error!!Median age (years)"
"S0601_C01_011E","Total!!Estimate!!SEX!!Male"
"S0601_C01_011M","Total!!Margin of Error!!SEX!!Male"
"S0601_C02_011E","Native; born in state of residence!!Estimate!!SEX!!Male"
"S0601_C02_011M","Native; born in state of residence!!Margin of Error!!SEX!!Male"
"S0601_C03_011E","Native; born in other state in the U.S.!!Estimate!!SEX!!Male"
"S0601_C03_011M","Native; born in other state in the U.S.!!Margin of Error!!SEX!!Male"
"S0601_C04_011E","Native; born outside U.S.!!Estimate!!SEX!!Male"
"S0601_C04_011M","Native; born outside U.S.!!Margin of Error!!SEX!!Male"
"S0601_C01_012E","Total!!Estimate!!SEX!!Female"
"S0601_C01_012M","Total!!Margin of Error!!SEX!!Female"
"S0601_C02_012E","Native; born in state of residence!!Estimate!!SEX!!Female"
"S0601_C02_012M","Native; born in state of residence!!Margin of Error!!SEX!!Female"
"S0601_C03_012E","Native; born in other state in the U.S.!!Estimate!!SEX!!Female"
"S0601_C03_012M","Native; born in other state in the U.S.!!Margin of Error!!SEX!!Female"
"S0601_C04_012E","Native; born outside U.S.!!Estimate!!SEX!!Female"
"S0601_C04_012M","Native; born outside U.S.!!Margin of Error!!SEX!!Female"
"S0601_C01_013E","Total!!Estimate!!RACE AND HISPANIC OR LATINO ORIGIN!!One race"
"S0601_C01_013M","Total!!Margin of Error!!RACE AND HISPANIC OR LATINO ORIGIN!!One race"
"S0601_C02_013E","Native; born in state of residence!!Estimate!!RACE AND HISPANIC OR LATINO ORIGIN!!One race"
"S0601_C02_013M","Native; born in state of residence!!Margin of Error!!RACE AND HISPANIC OR LATINO ORIGIN!!One race"
"S0601_C03_013E","Native; born in other state in the U.S.!!Estimate!!RACE AND HISPANIC OR LATINO ORIGIN!!One race"
"S0601_C03_013M","Native; born in other state in the U.S.!!Margin of Error!!RACE AND HISPANIC OR LATINO ORIGIN!!One race"
"S0601_C04_013E","Native; born outside U.S.!!Estimate!!RACE AND HISPANIC OR LATINO ORIGIN!!One race"
"S0601_C04_013M","Native; born outside U.S.!!Margin of Error!!RACE AND HISPANIC OR LATINO ORIGIN!!One race"
"S0601_C01_014E","Total!!Estimate!!RACE AND HISPANIC OR LATINO ORIGIN!!One race!!White"
"S0601_C01_014M","Total!!Margin of Error!!RACE AND HISPANIC OR LATINO ORIGIN!!One race!!White"
"S0601_C02_014E","Native; born in state of residence!!Estimate!!RACE AND HISPANIC OR LATINO ORIGIN!!One race!!White"
"S0601_C02_014M","Native; born in state of residence!!Margin of Error!!RACE AND HISPANIC OR LATINO ORIGIN!!One race!!White"
"S0601_C03_014E","Native; born in other state in the U.S.!!Estimate!!RACE AND HISPANIC OR LATINO ORIGIN!!One race!!White"
"S0601_C03_014M","Native; born in other state in the U.S.!!Margin of Error!!RACE AND HISPANIC OR LATINO ORIGIN!!One race!!White"
"S0601_C04_014E","Native; born outside U.S.!!Estimate!!RACE AND HISPANIC OR LATINO ORIGIN!!One race!!White"
"S0601_C04_014M","Native; born outside U.S.!!Margin of Error!!RACE AND HISPANIC OR LATINO ORIGIN!!One race!!White"
"S0601_C01_015E","Total!!Estimate!!RACE AND HISPANIC OR LATINO ORIGIN!!One race!!Black or African American"
"S0601_C01_015M","Total!!Margin of Error!!RACE AND HISPANIC OR LATINO ORIGIN!!One race!!Black or African American"
"S0601_C02_015E","Native; born in state of residence!!Estimate!!RACE AND HISPANIC OR LATINO ORIGIN!!One race!!Black or African American"
"S0601_C02_015M","Native; born in state of residence!!Margin of Error!!RACE AND HISPANIC OR LATINO ORIGIN!!One race!!Black or African American"
"S0601_C03_015E","Native; born in other state in the U.S.!!Estimate!!RACE AND HISPANIC OR LATINO ORIGIN!!One race!!Black or African American"
"S0601_C03_015M","Native; born in other state in the U.S.!!Margin of Error!!RACE AND HISPANIC OR LATINO ORIGIN!!One race!!Black or African American"
"S0601_C04_015E","Native; born outside U.S.!!Estimate!!RACE AND HISPANIC OR LATINO ORIGIN!!One race!!Black or African American"
"S0601_C04_015M","Native; born outside U.S.!!Margin of Error!!RACE AND HISPANIC OR LATINO ORIGIN!!One race!!Black or African American"
"S0601_C01_016E","Total!!Estimate!!RACE AND HISPANIC OR LATINO ORIGIN!!One race!!American Indian and Alaska Native"
"S0601_C01_016M","Total!!Margin of Error!!RACE AND HISPANIC OR LATINO ORIGIN!!One race!!American Indian and Alaska Native"
"S0601_C02_016E","Native; born in state of residence!!Estimate!!RACE AND HISPANIC OR LATINO ORIGIN!!One race!!American Indian and Alaska Native"
"S0601_C02_016M","Native; born in state of residence!!Margin of Error!!RACE AND HISPANIC OR LATINO ORIGIN!!One race!!American Indian and Alaska Native"
"S0601_C03_016E","Native; born in other state in the U.S.!!Estimate!!RACE AND HISPANIC OR LATINO ORIGIN!!One race!!American Indian and Alaska Native"
"S0601_C03_016M","Native; born in other state in the U.S.!!Margin of Error!!RACE AND HISPANIC OR LATINO ORIGIN!!One race!!American Indian and Alaska Native"
"S0601_C04_016E","Native; born outside U.S.!!Estimate!!RACE AND HISPANIC OR LATINO ORIGIN!!One race!!American Indian and Alaska Native"
"S0601_C04_016M","Native; born outside U.S.!!Margin of Error!!RACE AND HISPANIC OR LATINO ORIGIN!!One race!!American Indian and Alaska Native"
"S0601_C01_017E","Total!!Estimate!!RACE AND HISPANIC OR LATINO ORIGIN!!One race!!Asian"
"S0601_C01_017M","Total!!Margin of Error!!RACE AND HISPANIC OR LATINO ORIGIN!!One race!!Asian"
"S0601_C02_017E","Native; born in state of residence!!Estimate!!RACE AND HISPANIC OR LATINO ORIGIN!!One race!!Asian"
"S0601_C02_017M","Native; born in state of residence!!Margin of Error!!RACE AND HISPANIC OR LATINO ORIGIN!!One race!!Asian"
"S0601_C03_017E","Native; born in other state in the U.S.!!Estimate!!RACE AND HISPANIC OR LATINO ORIGIN!!One race!!Asian"
"S0601_C03_017M","Native; born in other state in the U.S.!!Margin of Error!!RACE AND HISPANIC OR LATINO ORIGIN!!One race!!Asian"
"S0601_C04_017E","Native; born outside U.S.!!Estimate!!RACE AND HISPANIC OR LATINO ORIGIN!!One race!!Asian"
"S0601_C04_017M","Native; born outside U.S.!!Margin of Error!!RACE AND HISPANIC OR LATINO ORIGIN!!One race!!Asian"
"S0601_C01_018E","Total!!Estimate!!RACE AND HISPANIC OR LATINO ORIGIN!!One race!!Native Hawaiian and Other Pacific Islander"
"S0601_C01_018M","Total!!Margin of Error!!RACE AND HISPANIC OR LATINO ORIGIN!!One race!!Native Hawaiian and Other Pacific Islander"
"S0601_C02_018E","Native; born in state of residence!!Estimate!!RACE AND HISPANIC OR LATINO ORIGIN!!One race!!Native Hawaiian and Other Pacific Islander"
"S0601_C02_018M","Native; born in state of residence!!Margin of Error!!RACE AND HISPANIC OR LATINO ORIGIN!!One race!!Native Hawaiian and Other Pacific Islander"
"S0601_C03_018E","Native; born in other state in the U.S.!!Estimate!!RACE AND HISPANIC OR LATINO ORIGIN!!One race!!Native Hawaiian and Other Pacific Islander"
"S0601_C03_018M","Native; born in other state in the U.S.!!Margin of Error!!RACE AND HISPANIC OR LATINO ORIGIN!!One race!!Native Hawaiian and Other Pacific Islander"
"S0601_C04_018E","Native; born outside U.S.!!Estimate!!RACE AND HISPANIC OR LATINO ORIGIN!!One race!!Native Hawaiian and Other Pacific Islander"
"S0601_C04_018M","Native; born outside U.S.!!Margin of Error!!RACE AND HISPANIC OR LATINO ORIGIN!!One race!!Native Hawaiian and Other Pacific Islander"
"S0601_C01_019E","Total!!Estimate!!RACE AND HISPANIC OR LATINO ORIGIN!!One race!!Some other race"
"S0601_C01_019M","Total!!Margin of Error!!RACE AND HISPANIC OR LATINO ORIGIN!!One race!!Some other race"
"S0601_C02_019E","Native; born in state of residence!!Estimate!!RACE AND HISPANIC OR LATINO ORIGIN!!One race!!Some other race"
"S0601_C02_019M","Native; born in state of residence!!Margin of Error!!RACE AND HISPANIC OR LATINO ORIGIN!!One race!!Some other race"
"S0601_C03_019E","Native; born in other state in the U.S.!!Estimate!!RACE AND HISPANIC OR LATINO ORIGIN!!One race!!Some other race"
"S0601_C03_019M","Native; born in other state in the U.S.!!Margin of Error!!RACE AND HISPANIC OR LATINO ORIGIN!!One race!!Some other race"
"S0601_C04_019E","Native; born outside U.S.!!Estimate!!RACE AND HISPANIC OR LATINO ORIGIN!!One race!!Some other race"
"S0601_C04_019M","Native; born outside U.S.!!Margin of Error!!RACE AND HISPANIC OR LATINO ORIGIN!!One race!!Some other race"
"S0601_C01_020E","Total!!Estimate!!RACE AND HISPANIC OR LATINO ORIGIN!!Two or more races"
"S0601_C01_020M","Total!!Margin of Error!!RACE AND HISPANIC OR LATINO ORIGIN!!Two or more races"
"S0601_C02_020E","Native; born in state of residence!!Estimate!!RACE AND HISPANIC OR LATINO ORIGIN!!Two or more races"
"S0601_C02_020M","Native; born in state of residence!!Margin of Error!!RACE AND HISPANIC OR LATINO ORIGIN!!Two or more races"
"S0601_C03_020E","Native; born in other state in the U.S.!!Estimate!!RACE AND HISPANIC OR LATINO ORIGIN!!Two or more races"
"S0601_C03_020M","Native; born in other state in the U.S.!!Margin of Error!!RACE AND HISPANIC OR LATINO ORIGIN!!Two or more races"
"S0601_C04_020E","Native; born outside U.S.!!Estimate!!RACE AND HISPANIC OR LATINO ORIGIN!!Two or more races"
"S0601_C04_020M","Native; born outside U.S.!!Margin of Error!!RACE AND HISPANIC OR LATINO ORIGIN!!Two or more races"
"S0601_C01_021E","Total!!Estimate!!Hispanic or Latino origin (of any race)"
"S0601_C01_021M","Total!!Margin of Error!!Hispanic or Latino origin (of any race)"
"S0601_C02_021E","Native; born in state of residence!!Estimate!!Hispanic or Latino origin (of any race)"
"S0601_C02_021M","Native; born in state of residence!!Margin of Error!!Hispanic or Latino origin (of any race)"
"S0601_C03_021E","Native; born in other state in the U.S.!!Estimate!!Hispanic or Latino origin (of any race)"
"S0601_C03_021M","Native; born in other state in the U.S.!!Margin of Error!!Hispanic or Latino origin (of any race)"
"S0601_C04_021E","Native; born outside U.S.!!Estimate!!Hispanic or Latino origin (of any race)"
"S0601_C04_021M","Native; born outside U.S.!!Margin of Error!!Hispanic or Latino origin (of any race)"
"S0601_C01_022E","Total!!Estimate!!White alone, not Hispanic or Latino"
"S0601_C01_022M","Total!!Margin of Error!!White alone, not Hispanic or Latino"
"S0601_C02_022E","Native; born in state of residence!!Estimate!!White alone, not Hispanic or Latino"
"S0601_C02_022M","Native; born in state of residence!!Margin of Error!!White alone, not Hispanic or Latino"
"S0601_C03_022E","Native; born in other state in the U.S.!!Estimate!!White alone, not Hispanic or Latino"
"S0601_C03_022M","Native; born in other state in the U.S.!!Margin of Error!!White alone, not Hispanic or Latino"
"S0601_C04_022E","Native; born outside U.S.!!Estimate!!White alone, not Hispanic or Latino"
"S0601_C04_022M","Native; born outside U.S.!!Margin of Error!!White alone, not Hispanic or Latino"
"S0601_C01_023E","Total!!Estimate!!LANGUAGE SPOKEN AT HOME AND ABILITY TO SPEAK ENGLISH!!Population 5 years and over"
"S0601_C01_023M","Total!!Margin of Error!!LANGUAGE SPOKEN AT HOME AND ABILITY TO SPEAK ENGLISH!!Population 5 years and over"
"S0601_C02_023E","Native; born in state of residence!!Estimate!!LANGUAGE SPOKEN AT HOME AND ABILITY TO SPEAK ENGLISH!!Population 5 years and over"
"S0601_C02_023M","Native; born in state of residence!!Margin of Error!!LANGUAGE SPOKEN AT HOME AND ABILITY TO SPEAK ENGLISH!!Population 5 years and over"
"S0601_C03_023E","Native; born in other state in the U.S.!!Estimate!!LANGUAGE SPOKEN AT HOME AND ABILITY TO SPEAK ENGLISH!!Population 5 years and over"
"S0601_C03_023M","Native; born in other state in the U.S.!!Margin of Error!!LANGUAGE SPOKEN AT HOME AND ABILITY TO SPEAK ENGLISH!!Population 5 years and over"
"S0601_C04_023E","Native; born outside U.S.!!Estimate!!LANGUAGE SPOKEN AT HOME AND ABILITY TO SPEAK ENGLISH!!Population 5 years and over"
"S0601_C04_023M","Native; born outside U.S.!!Margin of Error!!LANGUAGE SPOKEN AT HOME AND ABILITY TO SPEAK ENGLISH!!Population 5 years and over"
"S0601_C01_024E","Total!!Estimate!!LANGUAGE SPOKEN AT HOME AND ABILITY TO SPEAK ENGLISH!!Population 5 years and over!!Speak language other than English"
"S0601_C01_024M","Total!!Margin of Error!!LANGUAGE SPOKEN AT HOME AND ABILITY TO SPEAK ENGLISH!!Population 5 years and over!!Speak language other than English"
"S0601_C02_024E","Native; born in state of residence!!Estimate!!LANGUAGE SPOKEN AT HOME AND ABILITY TO SPEAK ENGLISH!!Population 5 years and over!!Speak language other than English"
"S0601_C02_024M","Native; born in state of residence!!Margin of Error!!LANGUAGE SPOKEN AT HOME AND ABILITY TO SPEAK ENGLISH!!Population 5 years and over!!Speak language other than English"
"S0601_C03_024E","Native; born in other state in the U.S.!!Estimate!!LANGUAGE SPOKEN AT HOME AND ABILITY TO SPEAK ENGLISH!!Population 5 years and over!!Speak language other than English"
"S0601_C03_024M","Native; born in other state in the U.S.!!Margin of Error!!LANGUAGE SPOKEN AT HOME AND ABILITY TO SPEAK ENGLISH!!Population 5 years and over!!Speak language other than English"
"S0601_C04_024E","Native; born outside U.S.!!Estimate!!LANGUAGE SPOKEN AT HOME AND ABILITY TO SPEAK ENGLISH!!Population 5 years and over!!Speak language other than English"
"S0601_C04_024M","Native; born outside U.S.!!Margin of Error!!LANGUAGE SPOKEN AT HOME AND ABILITY TO SPEAK ENGLISH!!Population 5 years and over!!Speak language other than English"
"S0601_C01_025E","Total!!Estimate!!LANGUAGE SPOKEN AT HOME AND ABILITY TO SPEAK ENGLISH!!Population 5 years and over!!Speak language other than English!!Speak English "very well""
"S0601_C01_025M","Total!!Margin of Error!!LANGUAGE SPOKEN AT HOME AND ABILITY TO SPEAK ENGLISH!!Population 5 years and over!!Speak language other than English!!Speak English "very well""
"S0601_C02_025E","Native; born in state of residence!!Estimate!!LANGUAGE SPOKEN AT HOME AND ABILITY TO SPEAK ENGLISH!!Population 5 years and over!!Speak language other than English!!Speak English "very well""
"S0601_C02_025M","Native; born in state of residence!!Margin of Error!!LANGUAGE SPOKEN AT HOME AND ABILITY TO SPEAK ENGLISH!!Population 5 years and over!!Speak language other than English!!Speak English "very well""
"S0601_C03_025E","Native; born in other state in the U.S.!!Estimate!!LANGUAGE SPOKEN AT HOME AND ABILITY TO SPEAK ENGLISH!!Population 5 years and over!!Speak language other than English!!Speak English "very well""
"S0601_C03_025M","Native; born in other state in the U.S.!!Margin of Error!!LANGUAGE SPOKEN AT HOME AND ABILITY TO SPEAK ENGLISH!!Population 5 years and over!!Speak language other than English!!Speak English "very well""
"S0601_C04_025E","Native; born outside U.S.!!Estimate!!LANGUAGE SPOKEN AT HOME AND ABILITY TO SPEAK ENGLISH!!Population 5 years and over!!Speak language other than English!!Speak English "very well""
"S0601_C04_025M","Native; born outside U.S.!!Margin of Error!!LANGUAGE SPOKEN AT HOME AND ABILITY TO SPEAK ENGLISH!!Population 5 years and over!!Speak language other than English!!Speak English "very well""
"S0601_C01_026E","Total!!Estimate!!LANGUAGE SPOKEN AT HOME AND ABILITY TO SPEAK ENGLISH!!Population 5 years and over!!Speak language other than English!!Speak English less than "very well""
"S0601_C01_026M","Total!!Margin of Error!!LANGUAGE SPOKEN AT HOME AND ABILITY TO SPEAK ENGLISH!!Population 5 years and over!!Speak language other than English!!Speak English less than "very well""
"S0601_C02_026E","Native; born in state of residence!!Estimate!!LANGUAGE SPOKEN AT HOME AND ABILITY TO SPEAK ENGLISH!!Population 5 years and over!!Speak language other than English!!Speak English less than "very well""
"S0601_C02_026M","Native; born in state of residence!!Margin of Error!!LANGUAGE SPOKEN AT HOME AND ABILITY TO SPEAK ENGLISH!!Population 5 years and over!!Speak language other than English!!Speak English less than "very well""
"S0601_C03_026E","Native; born in other state in the U.S.!!Estimate!!LANGUAGE SPOKEN AT HOME AND ABILITY TO SPEAK ENGLISH!!Population 5 years and over!!Speak language other than English!!Speak English less than "very well""
"S0601_C03_026M","Native; born in other state in the U.S.!!Margin of Error!!LANGUAGE SPOKEN AT HOME AND ABILITY TO SPEAK ENGLISH!!Population 5 years and over!!Speak language other than English!!Speak English less than "very well""
"S0601_C04_026E","Native; born outside U.S.!!Estimate!!LANGUAGE SPOKEN AT HOME AND ABILITY TO SPEAK ENGLISH!!Population 5 years and over!!Speak language other than English!!Speak English less than "very well""
"S0601_C04_026M","Native; born outside U.S.!!Margin of Error!!LANGUAGE SPOKEN AT HOME AND ABILITY TO SPEAK ENGLISH!!Population 5 years and over!!Speak language other than English!!Speak English less than "very well""
"S0601_C01_027E","Total!!Estimate!!MARITAL STATUS!!Population 15 years and over"
"S0601_C01_027M","Total!!Margin of Error!!MARITAL STATUS!!Population 15 years and over"
"S0601_C02_027E","Native; born in state of residence!!Estimate!!MARITAL STATUS!!Population 15 years and over"
"S0601_C02_027M","Native; born in state of residence!!Margin of Error!!MARITAL STATUS!!Population 15 years and over"
"S0601_C03_027E","Native; born in other state in the U.S.!!Estimate!!MARITAL STATUS!!Population 15 years and over"
"S0601_C03_027M","Native; born in other state in the U.S.!!Margin of Error!!MARITAL STATUS!!Population 15 years and over"
"S0601_C04_027E","Native; born outside U.S.!!Estimate!!MARITAL STATUS!!Population 15 years and over"
"S0601_C04_027M","Native; born outside U.S.!!Margin of Error!!MARITAL STATUS!!Population 15 years and over"
"S0601_C01_028E","Total!!Estimate!!MARITAL STATUS!!Population 15 years and over!!Never married"
"S0601_C01_028M","Total!!Margin of Error!!MARITAL STATUS!!Population 15 years and over!!Never married"
"S0601_C02_028E","Native; born in state of residence!!Estimate!!MARITAL STATUS!!Population 15 years and over!!Never married"
"S0601_C02_028M","Native; born in state of residence!!Margin of Error!!MARITAL STATUS!!Population 15 years and over!!Never married"
"S0601_C03_028E","Native; born in other state in the U.S.!!Estimate!!MARITAL STATUS!!Population 15 years and over!!Never married"
"S0601_C03_028M","Native; born in other state in the U.S.!!Margin of Error!!MARITAL STATUS!!Population 15 years and over!!Never married"
"S0601_C04_028E","Native; born outside U.S.!!Estimate!!MARITAL STATUS!!Population 15 years and over!!Never married"
"S0601_C04_028M","Native; born outside U.S.!!Margin of Error!!MARITAL STATUS!!Population 15 years and over!!Never married"
"S0601_C01_029E","Total!!Estimate!!MARITAL STATUS!!Population 15 years and over!!Now married, except separated"
"S0601_C01_029M","Total!!Margin of Error!!MARITAL STATUS!!Population 15 years and over!!Now married, except separated"
"S0601_C02_029E","Native; born in state of residence!!Estimate!!MARITAL STATUS!!Population 15 years and over!!Now married, except separated"
"S0601_C02_029M","Native; born in state of residence!!Margin of Error!!MARITAL STATUS!!Population 15 years and over!!Now married, except separated"
"S0601_C03_029E","Native; born in other state in the U.S.!!Estimate!!MARITAL STATUS!!Population 15 years and over!!Now married, except separated"
"S0601_C03_029M","Native; born in other state in the U.S.!!Margin of Error!!MARITAL STATUS!!Population 15 years and over!!Now married, except separated"
"S0601_C04_029E","Native; born outside U.S.!!Estimate!!MARITAL STATUS!!Population 15 years and over!!Now married, except separated"
"S0601_C04_029M","Native; born outside U.S.!!Margin of Error!!MARITAL STATUS!!Population 15 years and over!!Now married, except separated"
"S0601_C01_030E","Total!!Estimate!!MARITAL STATUS!!Population 15 years and over!!Divorced or separated"
"S0601_C01_030M","Total!!Margin of Error!!MARITAL STATUS!!Population 15 years and over!!Divorced or separated"
"S0601_C02_030E","Native; born in state of residence!!Estimate!!MARITAL STATUS!!Population 15 years and over!!Divorced or separated"
"S0601_C02_030M","Native; born in state of residence!!Margin of Error!!MARITAL STATUS!!Population 15 years and over!!Divorced or separated"
"S0601_C03_030E","Native; born in other state in the U.S.!!Estimate!!MARITAL STATUS!!Population 15 years and over!!Divorced or separated"
"S0601_C03_030M","Native; born in other state in the U.S.!!Margin of Error!!MARITAL STATUS!!Population 15 years and over!!Divorced or separated"
"S0601_C04_030E","Native; born outside U.S.!!Estimate!!MARITAL STATUS!!Population 15 years and over!!Divorced or separated"
"S0601_C04_030M","Native; born outside U.S.!!Margin of Error!!MARITAL STATUS!!Population 15 years and over!!Divorced or separated"
"S0601_C01_031E","Total!!Estimate!!MARITAL STATUS!!Population 15 years and over!!Widowed"
"S0601_C01_031M","Total!!Margin of Error!!MARITAL STATUS!!Population 15 years and over!!Widowed"
"S0601_C02_031E","Native; born in state of residence!!Estimate!!MARITAL STATUS!!Population 15 years and over!!Widowed"
"S0601_C02_031M","Native; born in state of residence!!Margin of Error!!MARITAL STATUS!!Population 15 years and over!!Widowed"
"S0601_C03_031E","Native; born in other state in the U.S.!!Estimate!!MARITAL STATUS!!Population 15 years and over!!Widowed"
"S0601_C03_031M","Native; born in other state in the U.S.!!Margin of Error!!MARITAL STATUS!!Population 15 years and over!!Widowed"
"S0601_C04_031E","Native; born outside U.S.!!Estimate!!MARITAL STATUS!!Population 15 years and over!!Widowed"
"S0601_C04_031M","Native; born outside U.S.!!Margin of Error!!MARITAL STATUS!!Population 15 years and over!!Widowed"
"S0601_C01_032E","Total!!Estimate!!EDUCATIONAL ATTAINMENT!!Population 25 years and over"
"S0601_C01_032M","Total!!Margin of Error!!EDUCATIONAL ATTAINMENT!!Population 25 years and over"
"S0601_C02_032E","Native; born in state of residence!!Estimate!!EDUCATIONAL ATTAINMENT!!Population 25 years and over"
"S0601_C02_032M","Native; born in state of residence!!Margin of Error!!EDUCATIONAL ATTAINMENT!!Population 25 years and over"
"S0601_C03_032E","Native; born in other state in the U.S.!!Estimate!!EDUCATIONAL ATTAINMENT!!Population 25 years and over"
"S0601_C03_032M","Native; born in other state in the U.S.!!Margin of Error!!EDUCATIONAL ATTAINMENT!!Population 25 years and over"
"S0601_C04_032E","Native; born outside U.S.!!Estimate!!EDUCATIONAL ATTAINMENT!!Population 25 years and over"
"S0601_C04_032M","Native; born outside U.S.!!Margin of Error!!EDUCATIONAL ATTAINMENT!!Population 25 years and over"
"S0601_C01_033E","Total!!Estimate!!EDUCATIONAL ATTAINMENT!!Population 25 years and over!!Less than high school graduate"
"S0601_C01_033M","Total!!Margin of Error!!EDUCATIONAL ATTAINMENT!!Population 25 years and over!!Less than high school graduate"
"S0601_C02_033E","Native; born in state of residence!!Estimate!!EDUCATIONAL ATTAINMENT!!Population 25 years and over!!Less than high school graduate"
"S0601_C02_033M","Native; born in state of residence!!Margin of Error!!EDUCATIONAL ATTAINMENT!!Population 25 years and over!!Less than high school graduate"
"S0601_C03_033E","Native; born in other state in the U.S.!!Estimate!!EDUCATIONAL ATTAINMENT!!Population 25 years and over!!Less than high school graduate"
"S0601_C03_033M","Native; born in other state in the U.S.!!Margin of Error!!EDUCATIONAL ATTAINMENT!!Population 25 years and over!!Less than high school graduate"
"S0601_C04_033E","Native; born outside U.S.!!Estimate!!EDUCATIONAL ATTAINMENT!!Population 25 years and over!!Less than high school graduate"
"S0601_C04_033M","Native; born outside U.S.!!Margin of Error!!EDUCATIONAL ATTAINMENT!!Population 25 years and over!!Less than high school graduate"
"S0601_C01_034E","Total!!Estimate!!EDUCATIONAL ATTAINMENT!!Population 25 years and over!!High school graduate (includes equivalency)"
"S0601_C01_034M","Total!!Margin of Error!!EDUCATIONAL ATTAINMENT!!Population 25 years and over!!High school graduate (includes equivalency)"
"S0601_C02_034E","Native; born in state of residence!!Estimate!!EDUCATIONAL ATTAINMENT!!Population 25 years and over!!High school graduate (includes equivalency)"
"S0601_C02_034M","Native; born in state of residence!!Margin of Error!!EDUCATIONAL ATTAINMENT!!Population 25 years and over!!High school graduate (includes equivalency)"
"S0601_C03_034E","Native; born in other state in the U.S.!!Estimate!!EDUCATIONAL ATTAINMENT!!Population 25 years and over!!High school graduate (includes equivalency)"
"S0601_C03_034M","Native; born in other state in the U.S.!!Margin of Error!!EDUCATIONAL ATTAINMENT!!Population 25 years and over!!High school graduate (includes equivalency)"
"S0601_C04_034E","Native; born outside U.S.!!Estimate!!EDUCATIONAL ATTAINMENT!!Population 25 years and over!!High school graduate (includes equivalency)"
"S0601_C04_034M","Native; born outside U.S.!!Margin of Error!!EDUCATIONAL ATTAINMENT!!Population 25 years and over!!High school graduate (includes equivalency)"
"S0601_C01_035E","Total!!Estimate!!EDUCATIONAL ATTAINMENT!!Population 25 years and over!!Some college or associate's degree"
"S0601_C01_035M","Total!!Margin of Error!!EDUCATIONAL ATTAINMENT!!Population 25 years and over!!Some college or associate's degree"
"S0601_C02_035E","Native; born in state of residence!!Estimate!!EDUCATIONAL ATTAINMENT!!Population 25 years and over!!Some college or associate's degree"
"S0601_C02_035M","Native; born in state of residence!!Margin of Error!!EDUCATIONAL ATTAINMENT!!Population 25 years and over!!Some college or associate's degree"
"S0601_C03_035E","Native; born in other state in the U.S.!!Estimate!!EDUCATIONAL ATTAINMENT!!Population 25 years and over!!Some college or associate's degree"
"S0601_C03_035M","Native; born in other state in the U.S.!!Margin of Error!!EDUCATIONAL ATTAINMENT!!Population 25 years and over!!Some college or associate's degree"
"S0601_C04_035E","Native; born outside U.S.!!Estimate!!EDUCATIONAL ATTAINMENT!!Population 25 years and over!!Some college or associate's degree"
"S0601_C04_035M","Native; born outside U.S.!!Margin of Error!!EDUCATIONAL ATTAINMENT!!Population 25 years and over!!Some college or associate's degree"
"S0601_C01_036E","Total!!Estimate!!EDUCATIONAL ATTAINMENT!!Population 25 years and over!!Bachelor's degree"
"S0601_C01_036M","Total!!Margin of Error!!EDUCATIONAL ATTAINMENT!!Population 25 years and over!!Bachelor's degree"
"S0601_C02_036E","Native; born in state of residence!!Estimate!!EDUCATIONAL ATTAINMENT!!Population 25 years and over!!Bachelor's degree"
"S0601_C02_036M","Native; born in state of residence!!Margin of Error!!EDUCATIONAL ATTAINMENT!!Population 25 years and over!!Bachelor's degree"
"S0601_C03_036E","Native; born in other state in the U.S.!!Estimate!!EDUCATIONAL ATTAINMENT!!Population 25 years and over!!Bachelor's degree"
"S0601_C03_036M","Native; born in other state in the U.S.!!Margin of Error!!EDUCATIONAL ATTAINMENT!!Population 25 years and over!!Bachelor's degree"
"S0601_C04_036E","Native; born outside U.S.!!Estimate!!EDUCATIONAL ATTAINMENT!!Population 25 years and over!!Bachelor's degree"
"S0601_C04_036M","Native; born outside U.S.!!Margin of Error!!EDUCATIONAL ATTAINMENT!!Population 25 years and over!!Bachelor's degree"
"S0601_C01_037E","Total!!Estimate!!EDUCATIONAL ATTAINMENT!!Population 25 years and over!!Graduate or professional degree"
"S0601_C01_037M","Total!!Margin of Error!!EDUCATIONAL ATTAINMENT!!Population 25 years and over!!Graduate or professional degree"
"S0601_C02_037E","Native; born in state of residence!!Estimate!!EDUCATIONAL ATTAINMENT!!Population 25 years and over!!Graduate or professional degree"
"S0601_C02_037M","Native; born in state of residence!!Margin of Error!!EDUCATIONAL ATTAINMENT!!Population 25 years and over!!Graduate or professional degree"
"S0601_C03_037E","Native; born in other state in the U.S.!!Estimate!!EDUCATIONAL ATTAINMENT!!Population 25 years and over!!Graduate or professional degree"
"S0601_C03_037M","Native; born in other state in the U.S.!!Margin of Error!!EDUCATIONAL ATTAINMENT!!Population 25 years and over!!Graduate or professional degree"
"S0601_C04_037E","Native; born outside U.S.!!Estimate!!EDUCATIONAL ATTAINMENT!!Population 25 years and over!!Graduate or professional degree"
"S0601_C04_037M","Native; born outside U.S.!!Margin of Error!!EDUCATIONAL ATTAINMENT!!Population 25 years and over!!Graduate or professional degree"
"S0601_C01_038E","Total!!Estimate!!INDIVIDUALS' INCOME IN THE PAST 12 MONTHS (IN 2013 INFLATION-ADJUSTED DOLLARS)!!Population 15 years and over"
"S0601_C01_038M","Total!!Margin of Error!!INDIVIDUALS' INCOME IN THE PAST 12 MONTHS (IN 2013 INFLATION-ADJUSTED DOLLARS)!!Population 15 years and over"
"S0601_C02_038E","Native; born in state of residence!!Estimate!!INDIVIDUALS' INCOME IN THE PAST 12 MONTHS (IN 2013 INFLATION-ADJUSTED DOLLARS)!!Population 15 years and over"
"S0601_C02_038M","Native; born in state of residence!!Margin of Error!!INDIVIDUALS' INCOME IN THE PAST 12 MONTHS (IN 2013 INFLATION-ADJUSTED DOLLARS)!!Population 15 years and over"
"S0601_C03_038E","Native; born in other state in the U.S.!!Estimate!!INDIVIDUALS' INCOME IN THE PAST 12 MONTHS (IN 2013 INFLATION-ADJUSTED DOLLARS)!!Population 15 years and over"
"S0601_C03_038M","Native; born in other state in the U.S.!!Margin of Error!!INDIVIDUALS' INCOME IN THE PAST 12 MONTHS (IN 2013 INFLATION-ADJUSTED DOLLARS)!!Population 15 years and over"
"S0601_C04_038E","Native; born outside U.S.!!Estimate!!INDIVIDUALS' INCOME IN THE PAST 12 MONTHS (IN 2013 INFLATION-ADJUSTED DOLLARS)!!Population 15 years and over"
"S0601_C04_038M","Native; born outside U.S.!!Margin of Error!!INDIVIDUALS' INCOME IN THE PAST 12 MONTHS (IN 2013 INFLATION-ADJUSTED DOLLARS)!!Population 15 years and over"
"S0601_C01_039E","Total!!Estimate!!INDIVIDUALS' INCOME IN THE PAST 12 MONTHS (IN 2013 INFLATION-ADJUSTED DOLLARS)!!Population 15 years and over!!$1 to $9,999 or loss"
"S0601_C01_039M","Total!!Margin of Error!!INDIVIDUALS' INCOME IN THE PAST 12 MONTHS (IN 2013 INFLATION-ADJUSTED DOLLARS)!!Population 15 years and over!!$1 to $9,999 or loss"
"S0601_C02_039E","Native; born in state of residence!!Estimate!!INDIVIDUALS' INCOME IN THE PAST 12 MONTHS (IN 2013 INFLATION-ADJUSTED DOLLARS)!!Population 15 years and over!!$1 to $9,999 or loss"
"S0601_C02_039M","Native; born in state of residence!!Margin of Error!!INDIVIDUALS' INCOME IN THE PAST 12 MONTHS (IN 2013 INFLATION-ADJUSTED DOLLARS)!!Population 15 years and over!!$1 to $9,999 or loss"
"S0601_C03_039E","Native; born in other state in the U.S.!!Estimate!!INDIVIDUALS' INCOME IN THE PAST 12 MONTHS (IN 2013 INFLATION-ADJUSTED DOLLARS)!!Population 15 years and over!!$1 to $9,999 or loss"
"S0601_C03_039M","Native; born in other state in the U.S.!!Margin of Error!!INDIVIDUALS' INCOME IN THE PAST 12 MONTHS (IN 2013 INFLATION-ADJUSTED DOLLARS)!!Population 15 years and over!!$1 to $9,999 or loss"
"S0601_C04_039E","Native; born outside U.S.!!Estimate!!INDIVIDUALS' INCOME IN THE PAST 12 MONTHS (IN 2013 INFLATION-ADJUSTED DOLLARS)!!Population 15 years and over!!$1 to $9,999 or loss"
"S0601_C04_039M","Native; born outside U.S.!!Margin of Error!!INDIVIDUALS' INCOME IN THE PAST 12 MONTHS (IN 2013 INFLATION-ADJUSTED DOLLARS)!!Population 15 years and over!!$1 to $9,999 or loss"
"S0601_C01_040E","Total!!Estimate!!INDIVIDUALS' INCOME IN THE PAST 12 MONTHS (IN 2013 INFLATION-ADJUSTED DOLLARS)!!Population 15 years and over!!$10,000 to $14,999"
"S0601_C01_040M","Total!!Margin of Error!!INDIVIDUALS' INCOME IN THE PAST 12 MONTHS (IN 2013 INFLATION-ADJUSTED DOLLARS)!!Population 15 years and over!!$10,000 to $14,999"
"S0601_C02_040E","Native; born in state of residence!!Estimate!!INDIVIDUALS' INCOME IN THE PAST 12 MONTHS (IN 2013 INFLATION-ADJUSTED DOLLARS)!!Population 15 years and over!!$10,000 to $14,999"
"S0601_C02_040M","Native; born in state of residence!!Margin of Error!!INDIVIDUALS' INCOME IN THE PAST 12 MONTHS (IN 2013 INFLATION-ADJUSTED DOLLARS)!!Population 15 years and over!!$10,000 to $14,999"
"S0601_C03_040E","Native; born in other state in the U.S.!!Estimate!!INDIVIDUALS' INCOME IN THE PAST 12 MONTHS (IN 2013 INFLATION-ADJUSTED DOLLARS)!!Population 15 years and over!!$10,000 to $14,999"
"S0601_C03_040M","Native; born in other state in the U.S.!!Margin of Error!!INDIVIDUALS' INCOME IN THE PAST 12 MONTHS (IN 2013 INFLATION-ADJUSTED DOLLARS)!!Population 15 years and over!!$10,000 to $14,999"
"S0601_C04_040E","Native; born outside U.S.!!Estimate!!INDIVIDUALS' INCOME IN THE PAST 12 MONTHS (IN 2013 INFLATION-ADJUSTED DOLLARS)!!Population 15 years and over!!$10,000 to $14,999"
"S0601_C04_040M","Native; born outside U.S.!!Margin of Error!!INDIVIDUALS' INCOME IN THE PAST 12 MONTHS (IN 2013 INFLATION-ADJUSTED DOLLARS)!!Population 15 years and over!!$10,000 to $14,999"
"S0601_C01_041E","Total!!Estimate!!INDIVIDUALS' INCOME IN THE PAST 12 MONTHS (IN 2013 INFLATION-ADJUSTED DOLLARS)!!Population 15 years and over!!$15,000 to $24,999"
"S0601_C01_041M","Total!!Margin of Error!!INDIVIDUALS' INCOME IN THE PAST 12 MONTHS (IN 2013 INFLATION-ADJUSTED DOLLARS)!!Population 15 years and over!!$15,000 to $24,999"
"S0601_C02_041E","Native; born in state of residence!!Estimate!!INDIVIDUALS' INCOME IN THE PAST 12 MONTHS (IN 2013 INFLATION-ADJUSTED DOLLARS)!!Population 15 years and over!!$15,000 to $24,999"
"S0601_C02_041M","Native; born in state of residence!!Margin of Error!!INDIVIDUALS' INCOME IN THE PAST 12 MONTHS (IN 2013 INFLATION-ADJUSTED DOLLARS)!!Population 15 years and over!!$15,000 to $24,999"
"S0601_C03_041E","Native; born in other state in the U.S.!!Estimate!!INDIVIDUALS' INCOME IN THE PAST 12 MONTHS (IN 2013 INFLATION-ADJUSTED DOLLARS)!!Population 15 years and over!!$15,000 to $24,999"
"S0601_C03_041M","Native; born in other state in the U.S.!!Margin of Error!!INDIVIDUALS' INCOME IN THE PAST 12 MONTHS (IN 2013 INFLATION-ADJUSTED DOLLARS)!!Population 15 years and over!!$15,000 to $24,999"
"S0601_C04_041E","Native; born outside U.S.!!Estimate!!INDIVIDUALS' INCOME IN THE PAST 12 MONTHS (IN 2013 INFLATION-ADJUSTED DOLLARS)!!Population 15 years and over!!$15,000 to $24,999"
"S0601_C04_041M","Native; born outside U.S.!!Margin of Error!!INDIVIDUALS' INCOME IN THE PAST 12 MONTHS (IN 2013 INFLATION-ADJUSTED DOLLARS)!!Population 15 years and over!!$15,000 to $24,999"
"S0601_C01_042E","Total!!Estimate!!INDIVIDUALS' INCOME IN THE PAST 12 MONTHS (IN 2013 INFLATION-ADJUSTED DOLLARS)!!Population 15 years and over!!$25,000 to $34,999"
"S0601_C01_042M","Total!!Margin of Error!!INDIVIDUALS' INCOME IN THE PAST 12 MONTHS (IN 2013 INFLATION-ADJUSTED DOLLARS)!!Population 15 years and over!!$25,000 to $34,999"
"S0601_C02_042E","Native; born in state of residence!!Estimate!!INDIVIDUALS' INCOME IN THE PAST 12 MONTHS (IN 2013 INFLATION-ADJUSTED DOLLARS)!!Population 15 years and over!!$25,000 to $34,999"
"S0601_C02_042M","Native; born in state of residence!!Margin of Error!!INDIVIDUALS' INCOME IN THE PAST 12 MONTHS (IN 2013 INFLATION-ADJUSTED DOLLARS)!!Population 15 years and over!!$25,000 to $34,999"
"S0601_C03_042E","Native; born in other state in the U.S.!!Estimate!!INDIVIDUALS' INCOME IN THE PAST 12 MONTHS (IN 2013 INFLATION-ADJUSTED DOLLARS)!!Population 15 years and over!!$25,000 to $34,999"
"S0601_C03_042M","Native; born in other state in the U.S.!!Margin of Error!!INDIVIDUALS' INCOME IN THE PAST 12 MONTHS (IN 2013 INFLATION-ADJUSTED DOLLARS)!!Population 15 years and over!!$25,000 to $34,999"
"S0601_C04_042E","Native; born outside U.S.!!Estimate!!INDIVIDUALS' INCOME IN THE PAST 12 MONTHS (IN 2013 INFLATION-ADJUSTED DOLLARS)!!Population 15 years and over!!$25,000 to $34,999"
"S0601_C04_042M","Native; born outside U.S.!!Margin of Error!!INDIVIDUALS' INCOME IN THE PAST 12 MONTHS (IN 2013 INFLATION-ADJUSTED DOLLARS)!!Population 15 years and over!!$25,000 to $34,999"
"S0601_C01_043E","Total!!Estimate!!INDIVIDUALS' INCOME IN THE PAST 12 MONTHS (IN 2013 INFLATION-ADJUSTED DOLLARS)!!Population 15 years and over!!$35,000 to $49,999"
"S0601_C01_043M","Total!!Margin of Error!!INDIVIDUALS' INCOME IN THE PAST 12 MONTHS (IN 2013 INFLATION-ADJUSTED DOLLARS)!!Population 15 years and over!!$35,000 to $49,999"
"S0601_C02_043E","Native; born in state of residence!!Estimate!!INDIVIDUALS' INCOME IN THE PAST 12 MONTHS (IN 2013 INFLATION-ADJUSTED DOLLARS)!!Population 15 years and over!!$35,000 to $49,999"
"S0601_C02_043M","Native; born in state of residence!!Margin of Error!!INDIVIDUALS' INCOME IN THE PAST 12 MONTHS (IN 2013 INFLATION-ADJUSTED DOLLARS)!!Population 15 years and over!!$35,000 to $49,999"
"S0601_C03_043E","Native; born in other state in the U.S.!!Estimate!!INDIVIDUALS' INCOME IN THE PAST 12 MONTHS (IN 2013 INFLATION-ADJUSTED DOLLARS)!!Population 15 years and over!!$35,000 to $49,999"
"S0601_C03_043M","Native; born in other state in the U.S.!!Margin of Error!!INDIVIDUALS' INCOME IN THE PAST 12 MONTHS (IN 2013 INFLATION-ADJUSTED DOLLARS)!!Population 15 years and over!!$35,000 to $49,999"
"S0601_C04_043E","Native; born outside U.S.!!Estimate!!INDIVIDUALS' INCOME IN THE PAST 12 MONTHS (IN 2013 INFLATION-ADJUSTED DOLLARS)!!Population 15 years and over!!$35,000 to $49,999"
"S0601_C04_043M","Native; born outside U.S.!!Margin of Error!!INDIVIDUALS' INCOME IN THE PAST 12 MONTHS (IN 2013 INFLATION-ADJUSTED DOLLARS)!!Population 15 years and over!!$35,000 to $49,999"
"S0601_C01_044E","Total!!Estimate!!INDIVIDUALS' INCOME IN THE PAST 12 MONTHS (IN 2013 INFLATION-ADJUSTED DOLLARS)!!Population 15 years and over!!$50,000 to $64,999"
"S0601_C01_044M","Total!!Margin of Error!!INDIVIDUALS' INCOME IN THE PAST 12 MONTHS (IN 2013 INFLATION-ADJUSTED DOLLARS)!!Population 15 years and over!!$50,000 to $64,999"
"S0601_C02_044E","Native; born in state of residence!!Estimate!!INDIVIDUALS' INCOME IN THE PAST 12 MONTHS (IN 2013 INFLATION-ADJUSTED DOLLARS)!!Population 15 years and over!!$50,000 to $64,999"
"S0601_C02_044M","Native; born in state of residence!!Margin of Error!!INDIVIDUALS' INCOME IN THE PAST 12 MONTHS (IN 2013 INFLATION-ADJUSTED DOLLARS)!!Population 15 years and over!!$50,000 to $64,999"
"S0601_C03_044E","Native; born in other state in the U.S.!!Estimate!!INDIVIDUALS' INCOME IN THE PAST 12 MONTHS (IN 2013 INFLATION-ADJUSTED DOLLARS)!!Population 15 years and over!!$50,000 to $64,999"
"S0601_C03_044M","Native; born in other state in the U.S.!!Margin of Error!!INDIVIDUALS' INCOME IN THE PAST 12 MONTHS (IN 2013 INFLATION-ADJUSTED DOLLARS)!!Population 15 years and over!!$50,000 to $64,999"
"S0601_C04_044E","Native; born outside U.S.!!Estimate!!INDIVIDUALS' INCOME IN THE PAST 12 MONTHS (IN 2013 INFLATION-ADJUSTED DOLLARS)!!Population 15 years and over!!$50,000 to $64,999"
"S0601_C04_044M","Native; born outside U.S.!!Margin of Error!!INDIVIDUALS' INCOME IN THE PAST 12 MONTHS (IN 2013 INFLATION-ADJUSTED DOLLARS)!!Population 15 years and over!!$50,000 to $64,999"
"S0601_C01_045E","Total!!Estimate!!INDIVIDUALS' INCOME IN THE PAST 12 MONTHS (IN 2013 INFLATION-ADJUSTED DOLLARS)!!Population 15 years and over!!$65,000 to $74,999"
"S0601_C01_045M","Total!!Margin of Error!!INDIVIDUALS' INCOME IN THE PAST 12 MONTHS (IN 2013 INFLATION-ADJUSTED DOLLARS)!!Population 15 years and over!!$65,000 to $74,999"
"S0601_C02_045E","Native; born in state of residence!!Estimate!!INDIVIDUALS' INCOME IN THE PAST 12 MONTHS (IN 2013 INFLATION-ADJUSTED DOLLARS)!!Population 15 years and over!!$65,000 to $74,999"
"S0601_C02_045M","Native; born in state of residence!!Margin of Error!!INDIVIDUALS' INCOME IN THE PAST 12 MONTHS (IN 2013 INFLATION-ADJUSTED DOLLARS)!!Population 15 years and over!!$65,000 to $74,999"
"S0601_C03_045E","Native; born in other state in the U.S.!!Estimate!!INDIVIDUALS' INCOME IN THE PAST 12 MONTHS (IN 2013 INFLATION-ADJUSTED DOLLARS)!!Population 15 years and over!!$65,000 to $74,999"
"S0601_C03_045M","Native; born in other state in the U.S.!!Margin of Error!!INDIVIDUALS' INCOME IN THE PAST 12 MONTHS (IN 2013 INFLATION-ADJUSTED DOLLARS)!!Population 15 years and over!!$65,000 to $74,999"
"S0601_C04_045E","Native; born outside U.S.!!Estimate!!INDIVIDUALS' INCOME IN THE PAST 12 MONTHS (IN 2013 INFLATION-ADJUSTED DOLLARS)!!Population 15 years and over!!$65,000 to $74,999"
"S0601_C04_045M","Native; born outside U.S.!!Margin of Error!!INDIVIDUALS' INCOME IN THE PAST 12 MONTHS (IN 2013 INFLATION-ADJUSTED DOLLARS)!!Population 15 years and over!!$65,000 to $74,999"
"S0601_C01_046E","Total!!Estimate!!INDIVIDUALS' INCOME IN THE PAST 12 MONTHS (IN 2013 INFLATION-ADJUSTED DOLLARS)!!Population 15 years and over!!$75,000 or more"
"S0601_C01_046M","Total!!Margin of Error!!INDIVIDUALS' INCOME IN THE PAST 12 MONTHS (IN 2013 INFLATION-ADJUSTED DOLLARS)!!Population 15 years and over!!$75,000 or more"
"S0601_C02_046E","Native; born in state of residence!!Estimate!!INDIVIDUALS' INCOME IN THE PAST 12 MONTHS (IN 2013 INFLATION-ADJUSTED DOLLARS)!!Population 15 years and over!!$75,000 or more"
"S0601_C02_046M","Native; born in state of residence!!Margin of Error!!INDIVIDUALS' INCOME IN THE PAST 12 MONTHS (IN 2013 INFLATION-ADJUSTED DOLLARS)!!Population 15 years and over!!$75,000 or more"
"S0601_C03_046E","Native; born in other state in the U.S.!!Estimate!!INDIVIDUALS' INCOME IN THE PAST 12 MONTHS (IN 2013 INFLATION-ADJUSTED DOLLARS)!!Population 15 years and over!!$75,000 or more"
"S0601_C03_046M","Native; born in other state in the U.S.!!Margin of Error!!INDIVIDUALS' INCOME IN THE PAST 12 MONTHS (IN 2013 INFLATION-ADJUSTED DOLLARS)!!Population 15 years and over!!$75,000 or more"
"S0601_C04_046E","Native; born outside U.S.!!Estimate!!INDIVIDUALS' INCOME IN THE PAST 12 MONTHS (IN 2013 INFLATION-ADJUSTED DOLLARS)!!Population 15 years and over!!$75,000 or more"
"S0601_C04_046M","Native; born outside U.S.!!Margin of Error!!INDIVIDUALS' INCOME IN THE PAST 12 MONTHS (IN 2013 INFLATION-ADJUSTED DOLLARS)!!Population 15 years and over!!$75,000 or more"
"S0601_C01_047E","Total!!Estimate!!Median income (dollars)"
"S0601_C01_047M","Total!!Margin of Error!!Median income (dollars)"
"S0601_C02_047E","Native; born in state of residence!!Estimate!!Median income (dollars)"
"S0601_C02_047M","Native; born in state of residence!!Margin of Error!!Median income (dollars)"
"S0601_C03_047E","Native; born in other state in the U.S.!!Estimate!!Median income (dollars)"
"S0601_C03_047M","Native; born in other state in the U.S.!!Margin of Error!!Median income (dollars)"
"S0601_C04_047E","Native; born outside U.S.!!Estimate!!Median income (dollars)"
"S0601_C04_047M","Native; born outside U.S.!!Margin of Error!!Median income (dollars)"
"S0601_C01_048E","Total!!Estimate!!POVERTY STATUS IN THE PAST 12 MONTHS!!Population for whom poverty status is determined"
"S0601_C01_048M","Total!!Margin of Error!!POVERTY STATUS IN THE PAST 12 MONTHS!!Population for whom poverty status is determined"
"S0601_C02_048E","Native; born in state of residence!!Estimate!!POVERTY STATUS IN THE PAST 12 MONTHS!!Population for whom poverty status is determined"
"S0601_C02_048M","Native; born in state of residence!!Margin of Error!!POVERTY STATUS IN THE PAST 12 MONTHS!!Population for whom poverty status is determined"
"S0601_C03_048E","Native; born in other state in the U.S.!!Estimate!!POVERTY STATUS IN THE PAST 12 MONTHS!!Population for whom poverty status is determined"
"S0601_C03_048M","Native; born in other state in the U.S.!!Margin of Error!!POVERTY STATUS IN THE PAST 12 MONTHS!!Population for whom poverty status is determined"
"S0601_C04_048E","Native; born outside U.S.!!Estimate!!POVERTY STATUS IN THE PAST 12 MONTHS!!Population for whom poverty status is determined"
"S0601_C04_048M","Native; born outside U.S.!!Margin of Error!!POVERTY STATUS IN THE PAST 12 MONTHS!!Population for whom poverty status is determined"
"S0601_C01_049E","Total!!Estimate!!POVERTY STATUS IN THE PAST 12 MONTHS!!Population for whom poverty status is determined!!Below 100 percent of the poverty level"
"S0601_C01_049M","Total!!Margin of Error!!POVERTY STATUS IN THE PAST 12 MONTHS!!Population for whom poverty status is determined!!Below 100 percent of the poverty level"
"S0601_C02_049E","Native; born in state of residence!!Estimate!!POVERTY STATUS IN THE PAST 12 MONTHS!!Population for whom poverty status is determined!!Below 100 percent of the poverty level"
"S0601_C02_049M","Native; born in state of residence!!Margin of Error!!POVERTY STATUS IN THE PAST 12 MONTHS!!Population for whom poverty status is determined!!Below 100 percent of the poverty level"
"S0601_C03_049E","Native; born in other state in the U.S.!!Estimate!!POVERTY STATUS IN THE PAST 12 MONTHS!!Population for whom poverty status is determined!!Below 100 percent of the poverty level"
"S0601_C03_049M","Native; born in other state in the U.S.!!Margin of Error!!POVERTY STATUS IN THE PAST 12 MONTHS!!Population for whom poverty status is determined!!Below 100 percent of the poverty level"
"S0601_C04_049E","Native; born outside U.S.!!Estimate!!POVERTY STATUS IN THE PAST 12 MONTHS!!Population for whom poverty status is determined!!Below 100 percent of the poverty level"
"S0601_C04_049M","Native; born outside U.S.!!Margin of Error!!POVERTY STATUS IN THE PAST 12 MONTHS!!Population for whom poverty status is determined!!Below 100 percent of the poverty level"
"S0601_C01_050E","Total!!Estimate!!POVERTY STATUS IN THE PAST 12 MONTHS!!Population for whom poverty status is determined!!100 to 149 percent of the poverty level"
"S0601_C01_050M","Total!!Margin of Error!!POVERTY STATUS IN THE PAST 12 MONTHS!!Population for whom poverty status is determined!!100 to 149 percent of the poverty level"
"S0601_C02_050E","Native; born in state of residence!!Estimate!!POVERTY STATUS IN THE PAST 12 MONTHS!!Population for whom poverty status is determined!!100 to 149 percent of the poverty level"
"S0601_C02_050M","Native; born in state of residence!!Margin of Error!!POVERTY STATUS IN THE PAST 12 MONTHS!!Population for whom poverty status is determined!!100 to 149 percent of the poverty level"
"S0601_C03_050E","Native; born in other state in the U.S.!!Estimate!!POVERTY STATUS IN THE PAST 12 MONTHS!!Population for whom poverty status is determined!!100 to 149 percent of the poverty level"
"S0601_C03_050M","Native; born in other state in the U.S.!!Margin of Error!!POVERTY STATUS IN THE PAST 12 MONTHS!!Population for whom poverty status is determined!!100 to 149 percent of the poverty level"
"S0601_C04_050E","Native; born outside U.S.!!Estimate!!POVERTY STATUS IN THE PAST 12 MONTHS!!Population for whom poverty status is determined!!100 to 149 percent of the poverty level"
"S0601_C04_050M","Native; born outside U.S.!!Margin of Error!!POVERTY STATUS IN THE PAST 12 MONTHS!!Population for whom poverty status is determined!!100 to 149 percent of the poverty level"
"S0601_C01_051E","Total!!Estimate!!POVERTY STATUS IN THE PAST 12 MONTHS!!Population for whom poverty status is determined!!At or above 150 percent of the poverty level"
"S0601_C01_051M","Total!!Margin of Error!!POVERTY STATUS IN THE PAST 12 MONTHS!!Population for whom poverty status is determined!!At or above 150 percent of the poverty level"
"S0601_C02_051E","Native; born in state of residence!!Estimate!!POVERTY STATUS IN THE PAST 12 MONTHS!!Population for whom poverty status is determined!!At or above 150 percent of the poverty level"
"S0601_C02_051M","Native; born in state of residence!!Margin of Error!!POVERTY STATUS IN THE PAST 12 MONTHS!!Population for whom poverty status is determined!!At or above 150 percent of the poverty level"
"S0601_C03_051E","Native; born in other state in the U.S.!!Estimate!!POVERTY STATUS IN THE PAST 12 MONTHS!!Population for whom poverty status is determined!!At or above 150 percent of the poverty level"
"S0601_C03_051M","Native; born in other state in the U.S.!!Margin of Error!!POVERTY STATUS IN THE PAST 12 MONTHS!!Population for whom poverty status is determined!!At or above 150 percent of the poverty level"
"S0601_C04_051E","Native; born outside U.S.!!Estimate!!POVERTY STATUS IN THE PAST 12 MONTHS!!Population for whom poverty status is determined!!At or above 150 percent of the poverty level"
"S0601_C04_051M","Native; born outside U.S.!!Margin of Error!!POVERTY STATUS IN THE PAST 12 MONTHS!!Population for whom poverty status is determined!!At or above 150 percent of the poverty level"
"S0601_C01_052E","Total!!Estimate!!PERCENT IMPUTED!!Citizenship status"
"S0601_C01_052M","Total!!Margin of Error!!PERCENT IMPUTED!!Citizenship status"
"S0601_C02_052E","Native; born in state of residence!!Estimate!!PERCENT IMPUTED!!Citizenship status"
"S0601_C02_052M","Native; born in state of residence!!Margin of Error!!PERCENT IMPUTED!!Citizenship status"
"S0601_C03_052E","Native; born in other state in the U.S.!!Estimate!!PERCENT IMPUTED!!Citizenship status"
"S0601_C03_052M","Native; born in other state in the U.S.!!Margin of Error!!PERCENT IMPUTED!!Citizenship status"
"S0601_C04_052E","Native; born outside U.S.!!Estimate!!PERCENT IMPUTED!!Citizenship status"
"S0601_C04_052M","Native; born outside U.S.!!Margin of Error!!PERCENT IMPUTED!!Citizenship status"
"S0601_C01_053E","Total!!Estimate!!PERCENT IMPUTED!!Place of birth"
"S0601_C01_053M","Total!!Margin of Error!!PERCENT IMPUTED!!Place of birth"
"S0601_C02_053E","Native; born in state of residence!!Estimate!!PERCENT IMPUTED!!Place of birth"
"S0601_C02_053M","Native; born in state of residence!!Margin of Error!!PERCENT IMPUTED!!Place of birth"
"S0601_C03_053E","Native; born in other state in the U.S.!!Estimate!!PERCENT IMPUTED!!Place of birth"
"S0601_C03_053M","Native; born in other state in the U.S.!!Margin of Error!!PERCENT IMPUTED!!Place of birth"
"S0601_C04_053E","Native; born outside U.S.!!Estimate!!PERCENT IMPUTED!!Place of birth"
"S0601_C04_053M","Native; born outside U.S.!!Margin of Error!!PERCENT IMPUTED!!Place of birth"
